player_name,player_number,count,avg(spi_score)
Oscar Ustari,19,2,8.6
Leo Afonso,73,1,8.5
Ricard Puig,10,22,8.395454545454545
Evander Ferreira,10,14,8.264285714285714
Elliot Panicco,30,4,8.2
Lionel Messi,10,16,8.112499999999999
Andrew Rick,76,2,8.1
Marcel Hartel,17,16,8.00625
Kelvin Yeboah,9,15,7.986666666666666
Gabriel Pec,11,23,7.969565217391305
Juan Hernández,9,20,7.92
Aidan Morris,8,3,7.866666666666667
Emil Forsberg,10,15,7.793333333333333
Albert Rusnak,11,26,7.7423076923076914
Cedric Teuchert,36,16,7.7375
Luis Suárez,9,17,7.71764705882353
Mateusz Bogusz,19,24,7.712500000000001
Celio Pompeu,12,4,7.7
Tomas Chancalay,5,2,7.7
Jordi Alba,18,19,7.694736842105263
Daniel Gazdag,10,17,7.682352941176472
Dejan Joveljic,9,21,7.66190476190476
Christian Benteke,20,19,7.652631578947369
Santiago Moreno,30,13,7.6461538461538465
Franco Negri,33,3,7.633333333333334
Tai Baribo,28,12,7.633333333333333
Denis Bouanga,99,26,7.615384615384615
Carlos Miguel,31,20,7.614999999999999
Facundo Torres,10,22,7.609090909090909
Pep Biel,10,14,7.6000000000000005
Thiago Almada,10,5,7.6
Hany Mukhtar,10,16,7.574999999999999
Jesus Murillo,3,7,7.571428571428571
Stefan Frei,24,28,7.567857142857143
Luca Orellano,23,18,7.566666666666666
Kai Wagner,27,18,7.544444444444443
Teenage Lingani Hadebe,16,7,7.542857142857144
Joseph Paintsil,28,19,7.510526315789474
Luciano Acosta,10,16,7.50625
Ian Fray,17,6,7.5
Nicolas Freire,21,2,7.5
Federico Bernardeschi,10,9,7.5
Julian Carranza,9,5,7.5
Ryan Gauld,25,19,7.494736842105263
Caden Clark,23,9,7.48888888888889
Eduard Löwen,10,18,7.48888888888889
Jordan Morris,13,26,7.488461538461539
Nathan Harriel,26,13,7.461538461538462
Erik Thommy,26,13,7.461538461538462
Cristian Roldan,7,28,7.460714285714286
Carles Gil,10,14,7.45
Julian Gaines,29,4,7.449999999999999
Adalberto Carrasquilla,20,13,7.446153846153847
Braian Ojeda,6,19,7.436842105263157
Joao Pedro,20,3,7.433333333333334
Yeimar Gomez,28,27,7.433333333333333
Bode Hidalgo,19,7,7.414285714285714
Nouhou Tolo,5,22,7.413636363636363
Diego Luna,8,18,7.405555555555556
Andres Gomez,11,5,7.4
Karol Swiderski,9,15,7.386666666666668
Jack McGlynn,16,15,7.386666666666667
Moise Bombito,64,4,7.375
Kristijan Kahlina,1,22,7.368181818181819
Henry Kessler,4,3,7.366666666666667
Asier Illarramendi,14,13,7.3538461538461535
Obed Vargas,18,29,7.3517241379310345
Quinn Sullivan,33,18,7.3500000000000005
Cristian Espinoza,10,17,7.347058823529412
Saba Lobzhanidze,9,20,7.344999999999999
Jonathan Osorio,21,8,7.3374999999999995
Jimmy Maurer,1,6,7.333333333333333
Bartosz Slisz,6,22,7.331818181818184
Federico Redondo,55,13,7.3307692307692305
Dylan Nealis,12,20,7.33
Sean Zawadzki,25,15,7.326666666666666
Kervin Arriaga,33,4,7.325000000000001
Alex Muyl,19,15,7.319999999999999
Jackson Ragen,25,29,7.317241379310344
Junior Urso,30,9,7.311111111111113
Hassani Dotson,31,20,7.31
Emeka Eneli,14,19,7.305263157894737
Sergi Palencia,14,19,7.300000000000001
Cody Baker,33,2,7.300000000000001
Benjamin Lundt,39,2,7.3
Joshua Yaro,15,3,7.3
Jose Andres Martinez,8,7,7.299999999999999
Yannick Bright,42,11,7.290909090909091
Max Arfsten,27,21,7.29047619047619
Jacob Davis,17,8,7.2875
Ivan Angulo,77,24,7.2749999999999995
John Tolkin,47,20,7.2700000000000005
Héctor Herrera,16,10,7.2700000000000005
Julian Gressel,24,12,7.266666666666667
Sebastian Lletget,8,16,7.262500000000001
Matt Crooks,25,17,7.258823529411765
Alvas Elvis Powell,2,7,7.257142857142858
Obinna Nwobodo,5,18,7.255555555555556
Will Sands,3,2,7.25
Joseph Rosales,8,23,7.247826086956524
Aaron Herrera,22,19,7.242105263157896
Alex Roldan,16,29,7.241379310344827
Paul Arriola,7,21,7.238095238095238
Antony,11,15,7.226666666666668
Miki Yamane,2,24,7.2250000000000005
Anibal Godoy,20,12,7.2250000000000005
Frankie Amaya,8,4,7.2250000000000005
Pavel Bucha,20,18,7.222222222222222
Marcelo Weigandt,57,16,7.21875
Matias Rojas,7,13,7.2153846153846155
Santiago Rodriguez,10,24,7.2124999999999995
Liel Abada,11,16,7.2124999999999995
Erik Sviatchenko,28,20,7.210000000000001
Petar Musa,9,17,7.205882352941177
Rafael Santos,3,24,7.204166666666667
Stuart Armstrong,26,7,7.2
Jakob Glesnes,5,16,7.2
DeAndre Yedlin,2,1,7.2
Jonathan Perez,18,1,7.2
Carlos Garces,25,16,7.1937500000000005
Hernan Lopez,23,16,7.19375
Dylan Chambost,7,14,7.192857142857143
Lewis O'Brien,8,20,7.1899999999999995
Paul Rothrock,14,22,7.181818181818182
Alonso Coello,14,8,7.175
Micael,31,17,7.164705882352941
Robin Lod,17,22,7.159090909090909
Dante Vanzeir,13,20,7.155000000000001
Sergio Busquets,5,20,7.154999999999999
Robert Taylor,16,11,7.154545454545456
Elias Manoel,11,10,7.150000000000001
Ramiro Enrique,7,21,7.147619047619049
Yamil Asad,27,11,7.145454545454546
Pedro Santos,7,18,7.144444444444444
Brian Gutierrez,17,12,7.141666666666666
Jack Elliott,3,16,7.137500000000001
Zac MacMath,18,14,7.135714285714285
Darlington Nagbe,6,17,7.1352941176470575
Javain Brown,91,9,7.133333333333334
Georgi Minoungou,93,18,7.133333333333334
Pedro Amador,18,15,7.133333333333334
Christopher Durkin,8,12,7.125
Timothy Tillman,11,26,7.123076923076923
Lewis Morgan,9,20,7.12
Chidozie Awaziem,6,13,7.115384615384615
Franco Escobar,2,17,7.111764705882353
Daniel Edelman,75,21,7.109523809523809
Diego Rossi,10,22,7.109090909090909
Martin Rodriguez,14,14,7.107142857142857
Amine Bassi,8,18,7.105555555555554
Georgios Giakoumakis,7,1,7.1
Clint Irwin,1,2,7.1
Aziel Jackson,13,5,7.1
Dario Zuparic,13,12,7.099999999999999
Maya Yoshida,4,24,7.099999999999999
Mohamed Farsi,23,18,7.094444444444445
Jalen Neal,24,8,7.0875
Malte Amundsen,18,15,7.086666666666667
Jamal Thiaré,29,20,7.085000000000001
Mateusz Klich,43,18,7.077777777777778
Manuel Cafumana,21,7,7.071428571428571
Daniel Steres,5,9,7.066666666666666
Andres Reyes,4,12,7.066666666666666
Evgen Cheberko,21,17,7.064705882352941
John Nelson,14,22,7.0636363636363635
Pedro Gallese,1,22,7.0636363636363635
Nathan Byrne,14,21,7.061904761904763
Jonathan Rodriguez,14,14,7.057142857142858
Taylor Washington,23,6,7.050000000000001
Maxi Moralez,27,20,7.05
Andrew Thomas,26,3,7.033333333333334
Alexandru Matan,20,16,7.03125
Dairon Asprilla,27,7,7.028571428571429
Marcelo Herrera,2,7,7.028571428571429
Brooks Lennon,11,16,7.025
Adilson Malanda,29,21,7.023809523809524
Edwin Cerrillo,20,24,7.020833333333333
Artur,6,20,7.019999999999999
Alexandros Katranis,98,16,7.018750000000001
Roman Celentano,18,17,7.017647058823529
Carlos Ferreira,11,6,7.016666666666666
Andre Blake,18,13,7.015384615384615
Wil Trapp,20,20,7.010000000000001
Dagur Dan Thorhallsson,17,21,7.00952380952381
Miles Robinson,12,14,7.007142857142858
Pedro Vite,45,20,7.005
Stephen Afrifa,30,13,7.0
Felipe Carballo,20,10,7.0
Noah Allen,32,6,7.0
Jeremy Ebobisse,11,15,7.0
Leo Chu,23,6,7.0
Fabian Herbers,21,9,7.0
Lukas MacNaughton,3,1,7.0
Markus Anderson,35,1,7.0
Pablo Ruiz,7,1,7.0
Wilder Cartagena,16,22,6.995454545454544
Oliver Larraz,18,17,6.994117647058824
Cesar Araujo,5,20,6.99
Osman Bukari,7,10,6.99
Rafael Navarro,9,17,6.988235294117647
Felipe Mora,9,14,6.985714285714287
Akil Watts,20,13,6.984615384615383
Djordje Mihailovic,10,15,6.980000000000001
Bryce Duke,10,10,6.9799999999999995
James Sands,6,21,6.976190476190476
Ryan Hollingshead,24,25,6.975999999999999
Tim Ream,3,14,6.971428571428572
Caleb Wiley,26,7,6.971428571428571
Hugo Lloris,1,24,6.970833333333332
Lucas Bartlett,3,18,6.966666666666666
Keaton Parks,55,24,6.966666666666666
Javain Brown,23,3,6.966666666666666
Jared Stroud,8,20,6.965000000000001
Hannes Wolf,17,24,6.962500000000001
Aleksey Miranchuk,59,13,6.961538461538462
Ryan Raposo,7,10,6.960000000000001
Anthony Markanich,13,5,6.959999999999999
Marco Delgado,8,19,6.9526315789473685
John McCarthy,77,22,6.945454545454544
Mikael Uhre,7,18,6.944444444444444
Alejandro Bedoya,11,18,6.944444444444444
Diego Fagundez,7,14,6.942857142857143
Daniel Rios,19,21,6.938095238095237
Hugo Cuypers,9,11,6.9363636363636365
Ibrahim Aliyu,18,20,6.935
Tim Parker,26,6,6.933333333333334
David Ruiz,41,6,6.933333333333333
Marco Reus,18,16,6.93125
Joaquin Pereyra,26,13,6.930769230769231
Cristian Olivera,13,17,6.929411764705883
Samuel Piette,6,11,6.927272727272728
Claudio Bravo,5,13,6.923076923076922
Ashley Westwood,8,21,6.9190476190476184
Dominik Marczuk,11,11,6.918181818181819
Joao Klauss,9,17,6.905882352941177
Theodore Ku-DiPietro,21,17,6.9
Cameron Harper,17,20,6.9
Jacob Shaffelburg,14,11,6.9
Cole Bassett,23,9,6.9
DeJuan Jones,24,2,6.9
Josef Martinez,17,8,6.9
Alexander Bono,24,1,6.9
Kristian Fletcher,27,1,6.9
Shanyder Borgelin,49,1,6.9
Taha Habroune,16,1,6.9
Cristian Arango,9,16,6.8999999999999995
Nemanja Radoja,6,6,6.8999999999999995
Richie Laryea,22,7,6.8999999999999995
Ryan Spaulding,34,3,6.8999999999999995
Joaquin Sosa,3,2,6.8999999999999995
Eduard Atuesta,20,19,6.894736842105263
Yuya Kubo,7,18,6.894444444444444
Maxime Chanot,25,25,6.892000000000001
DeJuan Jones,12,12,6.891666666666667
Diogo Goncalves,10,11,6.890909090909091
Jahkeele Marshall-Rutty,11,9,6.888888888888889
Daniel,42,8,6.8875
Maarten Paes,30,15,6.886666666666667
Roman Bürki,1,19,6.8842105263157904
Jon Gallagher,17,18,6.883333333333334
Johnny Russell,7,11,6.881818181818182
Noah Eile,3,16,6.88125
Leon Flach,31,10,6.88
Nicholas Hagen,1,5,6.88
Brandt Bronico,13,21,6.876190476190477
Andreu Fontàs,3,4,6.875
Kyle Hiebert,22,11,6.872727272727272
Carlos Harvey,67,17,6.870588235294118
George Campbell,24,13,6.869230769230769
Sam Surridge,9,16,6.86875
Diego Chara,21,15,6.866666666666668
Jahkeele Marshall-Rutty,7,3,6.866666666666667
Kerwin Vargas,18,21,6.866666666666666
James Pantemis,41,9,6.866666666666666
Steve Clark,12,20,6.865
Justen Glad,15,14,6.864285714285714
Stian Gregersen,5,22,6.863636363636363
Corey Baird,11,5,6.859999999999999
Daniel Pereira,6,18,6.855555555555556
Memo Rodriguez,8,11,6.854545454545455
Martin Ojeda,11,22,6.854545454545455
Benjamin Cremaschi,30,17,6.852941176470588
Christian Ramirez,17,14,6.8500000000000005
Mikkel Desler,3,8,6.85
Andrew Gutman,15,4,6.85
Patrickson Delgado,6,6,6.849999999999999
Julian Aude,3,6,6.849999999999999
Hector Martinez,14,9,6.844444444444445
Kellyn Acosta,23,12,6.841666666666666
Ajani Fortune,35,22,6.840909090909093
Tristan Blackmon,6,15,6.840000000000001
Vitor Costa,94,16,6.8375
Olivier Mbaizo,15,11,6.836363636363638
Tomas Aviles,6,17,6.835294117647059
Shane O'Neill,27,6,6.833333333333333
Nicksoen Gomis,15,3,6.833333333333333
Ruan,5,6,6.833333333333332
Steven Moreira,31,16,6.831250000000001
Rémi Walter,54,13,6.83076923076923
Jesus Ferreira,10,13,6.83076923076923
Sean Nealis,15,21,6.828571428571429
Rodrigues,26,14,6.828571428571428
Jon Bell,15,7,6.828571428571428
Luis Muriel,9,22,6.827272727272727
Esmir Bajraktarevic,47,17,6.8235294117647065
Iuri Tavares,38,9,6.822222222222223
Nkosi Tafari,17,14,6.821428571428571
Daniel Salloi,10,16,6.8187500000000005
Ian Murphy,32,11,6.818181818181818
Griffin Dorsey,25,19,6.815789473684211
Darren Yapi,77,7,6.814285714285715
Deybi Flores,20,7,6.814285714285715
Carlos Akapo,29,15,6.8133333333333335
Carl Sainte,12,8,6.8125
Maren Haile-Selassie,7,8,6.8125
Guilherme,29,12,6.808333333333334
Simon Becher,11,16,6.8062499999999995
Brian Anunga,27,12,6.800000000000001
Nick Hagglund,4,2,6.8
Enzo Copetti,9,3,6.8
Joakim Nilsson,4,10,6.8
Michael Wentzel,40,1,6.8
Lorenzo Insigne,24,7,6.8
Dominique Badji,14,2,6.8
Damion Lowe,17,2,6.8
Sebastien Ibeagha,25,19,6.794736842105263
Brayan Vera,4,15,6.793333333333334
Paul Marie,3,12,6.791666666666667
Gaston Claudio Gimenez,30,12,6.791666666666667
David Martinez,30,9,6.788888888888889
Philip Quinton,26,11,6.781818181818182
Nick Lima,12,10,6.779999999999999
Sebastian Driussi,10,19,6.7789473684210515
Owen Wolff,33,18,6.777777777777778
Logan Farrington,23,20,6.775
Bryan Oviedo,3,4,6.7749999999999995
Oliver Semmle,1,4,6.7749999999999995
Marco Farfan,4,19,6.773684210526317
David Ayala,24,14,6.7714285714285705
Tsiki Ntsabeleng,16,17,6.770588235294118
Diego Gomez,20,17,6.770588235294118
Tomas Totland,14,19,6.76842105263158
Tarik Scott,41,3,6.766666666666667
Alexander Ring,8,20,6.765000000000001
Sang-Bin Jeong,11,22,6.763636363636365
Justin Haak,80,14,6.757142857142858
Oscar Verhoeven,33,7,6.757142857142857
Derrick Etienne,11,9,6.7555555555555555
Ezequiel Ponce,10,15,6.753333333333334
Connor Ronan,20,14,6.750000000000001
Cristhian Paredes,22,12,6.75
Samuel Adeniran,16,4,6.75
Samuel Vines,3,12,6.75
Christian McFarlane,18,4,6.75
Noel Buck,29,2,6.75
Mathieu Choiniere,29,2,6.75
Ruan,22,4,6.75
Ronald Donkor,48,11,6.745454545454546
Serhiy Kryvtsov,27,11,6.745454545454546
Andrew Privett,34,20,6.745
Patrick Yazbek,15,7,6.742857142857143
Khiry Shelton,11,12,6.741666666666666
Sam Adekugbe,3,17,6.741176470588235
Danny Leyva,75,5,6.739999999999999
DeAndre Yedlin,91,15,6.739999999999999
Gavin Beavers,35,5,6.739999999999999
Thiago Martins,13,23,6.739130434782608
Anderson Julio,29,18,6.73888888888889
Mathias Laborda,2,13,6.738461538461539
Aziel Jackson,25,3,6.733333333333333
Joao Paulo,6,18,6.733333333333333
Marlon,5,9,6.7333333333333325
Alan Velasco,20,9,6.7333333333333325
Teal Bunbury,12,10,6.7299999999999995
David Brekalo,4,4,6.725
Bret Halsey,15,4,6.725
Xherdan Shaqiri,10,4,6.725
Gaston Brugman,5,12,6.724999999999999
Julio Cascante,18,17,6.723529411764706
Zorhan Bassong,22,13,6.723076923076923
Kevin O'Toole,22,24,6.720833333333334
Gabriel Pirani,10,16,6.71875
Bongokuhle Hlongwane,21,22,6.718181818181819
Patrick Agyemang,33,22,6.713636363636365
Sam Junqua,29,18,6.705555555555555
Brad Guzan,1,22,6.704545454545454
Ali Ahmed,22,16,6.700000000000001
Dayne St. Clair,97,21,6.700000000000001
Ethan Bartlow,4,3,6.7
Brad Stuver,1,20,6.7
Bjørn Inge Utvik,15,14,6.7
Malachi Jones,88,3,6.7
Joshua Atencio,8,14,6.7
Sean Davis,54,7,6.7
Nathan,4,7,6.7
Ronald Hernández,2,15,6.7
Joel Waterman,16,10,6.7
Lachlan Brook,17,3,6.7
Martin Cáceres,22,2,6.7
Evan Bush,24,1,6.7
Djibril Diani,28,17,6.699999999999999
Mason Stajduhar,31,2,6.699999999999999
Tristan Muyumba,8,23,6.695652173913044
Juan Mosquera,29,16,6.6937500000000005
Aaron Long,33,22,6.690909090909091
Alonso Martinez,16,22,6.6909090909090905
Nökkvi Thorisson,29,18,6.688888888888887
Tyler Boyd,11,6,6.683333333333334
Nelson Palacio,13,11,6.681818181818182
Matthew Longstaff,8,11,6.681818181818182
Ilie Sanchez,6,15,6.6800000000000015
William Agada,23,15,6.679999999999999
Rodrigo Adrián Schlegel,15,23,6.678260869565217
Logan Ndenbe,18,9,6.677777777777776
Guilherme Biro,29,8,6.675000000000001
Jere Uronen,21,11,6.672727272727273
Peter Stroud,5,10,6.67
Jack Lynn,27,3,6.666666666666667
Allan Arigoni,27,9,6.666666666666667
Luka Gavran,90,3,6.666666666666667
D.J. Taylor,27,9,6.666666666666667
Jesus Bueno,20,6,6.666666666666667
Tim Melia,29,8,6.6625
Gabriele Corbo,25,13,6.661538461538461
Robin Jansson,6,23,6.660869565217392
Henry Kessler,5,12,6.658333333333334
Jonathan Dean,24,7,6.657142857142857
Derrick Williams,3,23,6.656521739130435
Jayden Reid,99,9,6.655555555555555
Luca Langoni,41,13,6.653846153846154
Rafael Czichos,5,13,6.653846153846152
Jules-Anthony Vilsaint,28,8,6.65
Sebastian Anderson,22,2,6.65
Leo Väisänen,15,4,6.65
Devin Padelford,2,6,6.6499999999999995
Lassi Lappalainen,21,4,6.6499999999999995
Sebastian Berhalter,16,22,6.645454545454545
Christopher McVey,97,16,6.64375
Xande Silva,16,21,6.642857142857143
Tani Oluwaseyi,14,15,6.64
Jefferson Diaz,28,15,6.64
Matt Miazga,21,3,6.633333333333333
Leonardo Campana,8,12,6.633333333333333
Ranko Veselinovic,4,22,6.631818181818182
Maxime Crepeau,16,7,6.628571428571429
Alan Pulido,9,15,6.626666666666666
Sergio Santos,17,15,6.626666666666666
Jonathan Sirois,40,13,6.623076923076923
Chris Brady,34,13,6.623076923076923
Sebastian Kowalczyk,27,18,6.622222222222221
Drake Callender,1,19,6.621052631578947
Kevin Long,5,5,6.62
Patrick Schulte,28,16,6.6187499999999995
Peyton Miller,25,12,6.616666666666667
Omar Campos,2,15,6.613333333333333
Teemu Pukki,22,10,6.609999999999999
Dylan Borrero,11,13,6.607692307692308
Dax McCarty,13,16,6.60625
Matt Freese,49,24,6.604166666666667
Tom Pearce,46,7,6.6000000000000005
Fernando Álvarez,4,9,6.6000000000000005
Victor Wanyama,2,3,6.6000000000000005
Nacho Gil,21,7,6.6000000000000005
Efrain Morales,21,1,6.6
Ariel Lassiter,11,4,6.6
Isaiah Parente,52,2,6.6
Jaylin Lindsey,24,1,6.6
Lawson Sunderland,43,1,6.6
Rudy Camacho,4,18,6.594444444444445
Nicolás Lodeiro,14,24,6.591666666666666
Raul Ruidiaz,9,11,6.590909090909091
Kévin Cabral,91,8,6.5875
Sean Johnson,1,8,6.5875
Wikelman Carmona,19,7,6.585714285714286
Tim Leibold,14,14,6.585714285714286
Jannes-Kilian Horn,38,14,6.5857142857142845
Strahinja Tanasijevic,12,7,6.5857142857142845
Zac McGraw,18,6,6.583333333333333
Birk Risa,5,11,6.581818181818182
Andrew Brody,2,9,6.577777777777778
Danley Jean Jacques,21,8,6.575
Miguel Araujo,2,8,6.575
Brooklyn Raines,35,13,6.56923076923077
Matti Peltola,4,19,6.568421052631579
Kevin Kelsy,19,12,6.566666666666666
Franco Fragapane,7,6,6.566666666666666
Olivier Giroud,9,20,6.5649999999999995
Rasmus Alm,21,14,6.564285714285715
Raheem Edwards,44,8,6.5625
Benjamin Kikanovic,28,5,6.5600000000000005
Nathan Saliba,19,10,6.5600000000000005
Indiana Vassilev,19,12,6.558333333333334
Tyrese Spicer,16,7,6.557142857142857
Boris Enow,5,11,6.554545454545456
Chris Mueller,8,11,6.554545454545456
Reed Baker-Whiting,21,16,6.55
Ján Gregus,21,2,6.55
Tayvon Gray,24,15,6.546666666666667
Prince Osei Owusu,99,9,6.544444444444445
Jackson Yueill,14,17,6.541176470588234
Alessandro Schöpf,8,20,6.540000000000001
Sigurd Rosted,17,10,6.540000000000001
Brandon Servania,23,3,6.533333333333334
Brent Kallman,44,3,6.533333333333334
Forster Ajago,21,6,6.533333333333332
Orrin McKinze Gaines,17,3,6.533333333333332
Robert Castellanos,19,7,6.528571428571429
Walker Zimmerman,25,15,6.526666666666667
Duncan McGuire,13,21,6.5238095238095255
Alex Bono,24,18,6.522222222222222
Matt Hedges,2,5,6.5200000000000005
Kwadwo Opoku,7,10,6.5200000000000005
David Schnegg,28,5,6.5200000000000005
Cristian Dajome,11,20,6.515000000000001
Maikel Chang Ramirez,16,7,6.514285714285714
Mark-Anthony Kaye,28,8,6.512500000000001
Diego Rubio,14,18,6.511111111111112
Eric Miller,15,9,6.51111111111111
Alhassan Yusuf,80,11,6.509090909090909
Miguel Tapias,4,11,6.509090909090909
Ema Twumasi,22,14,6.507142857142857
Andres Perea,8,20,6.505
Pedro De la Vega,10,26,6.503846153846153
Brecht Dejaeghere,10,5,6.5
Steven Birnbaum,15,2,6.5
Jeremy Rafanello,14,4,6.5
Hosei Kijima,85,7,6.5
Federico Navarro,31,7,6.5
Andrew Farrell,88,1,6.5
Finn Surman,20,3,6.5
Conner Antley,12,1,6.5
Michael Edwards,34,2,6.5
Noel Caliskan,92,3,6.5
Andres Jasson,21,1,6.5
Liam Fraser,18,3,6.5
Moses Nyeman,44,1,6.5
Luke Brennan,25,1,6.5
Philip Quinton,2,1,6.5
Kei Ansu Kamara,23,19,6.494736842105263
Keegan Rosenberry,2,16,6.4937499999999995
Latif Blessing,15,14,6.492857142857142
Niko Tsakiris,30,16,6.4875
Kyle Duncan,6,7,6.485714285714285
Brendan Hines-Ike,4,16,6.475
Fabrice Picault,11,20,6.475
Calvin Harris,14,15,6.473333333333333
Carlos Teran,4,7,6.471428571428571
Nikola Petkovic,23,6,6.466666666666668
Noah Cobb,24,6,6.466666666666668
Bobby Wood,17,9,6.466666666666665
Dru Yearwood,16,8,6.4624999999999995
Carlos Gruezo,7,13,6.461538461538462
Felipe,8,5,6.460000000000001
Kyle Smith,24,12,6.458333333333333
Andrés Cubas,20,18,6.45
Gyasi Zardes,9,12,6.45
Ian Harkes,14,12,6.45
Hector Jimenez,16,6,6.449999999999999
Jader Obrian,11,19,6.447368421052632
Lalas Abubakar,6,11,6.445454545454544
Matias Coccaro,9,9,6.444444444444444
Jasper Löffelsend,21,5,6.44
Brian White,24,20,6.4399999999999995
Josh Bauer,22,8,6.4375
Tomas Ostrak,7,3,6.433333333333334
Loic Mesanvi,90,3,6.433333333333333
Amahl Pellegrino,9,16,6.4312499999999995
Tobias Salquist,14,7,6.428571428571429
Jackson Hopkins,25,8,6.425
Jonathan Perez,24,7,6.414285714285713
Daniel Rosero,5,10,6.410000000000001
Ralph Priso-Mbongue,13,10,6.409999999999999
Omir Fernandez,11,17,6.405882352941176
Tomas Pondeca,35,2,6.4
Njabulo Blom,6,2,6.4
Giuseppe Bovalina,27,2,6.4
Kobe Franklin,19,7,6.4
Omar Gonzalez,3,4,6.4
Jordan Adebayo-Smith,99,1,6.4
Kévin Cabral,49,1,6.4
Eryk Williamson,19,13,6.392307692307693
Alenis Vargas,20,11,6.390909090909091
Tanner Beason,15,10,6.39
Luis Abram,4,10,6.39
Jacob Murrell,17,11,6.381818181818182
Fidel Barajas,17,5,6.380000000000001
Michael Boxall,15,21,6.376190476190475
Bernard Kamungo,77,18,6.372222222222223
Mitja Ilenic,35,17,6.370588235294117
Jacen Russell-Rowe,19,14,6.364285714285714
Deandre Kerr,29,8,6.3625
Robert Voloder,4,13,6.361538461538462
Yaw Yeboah,14,5,6.36
Edier Ocampo,18,7,6.3571428571428585
Kamal Miller,4,7,6.357142857142857
Jack Skahan,16,9,6.344444444444445
Ben Bender,15,3,6.333333333333333
Aime Mabika,6,3,6.333333333333333
Yohei Takaoka,1,20,6.33
Andreas Maxsø,5,17,6.329411764705883
Emmanuel Boateng,18,8,6.325
Tyler Wolff,28,4,6.325
Mauricio Cuevas,19,4,6.325
Jhojan Valencia,5,15,6.319999999999999
Deiber Caicedo,23,5,6.319999999999999
Gerardo Valenzuela,22,6,6.316666666666666
Agustin Ojeda,26,7,6.314285714285715
Ryan Sailor,15,4,6.300000000000001
Matt Polster,8,15,6.3
Jake Girdwood-Reich,3,4,6.3
Caden Clark,37,7,6.3
Jack Panayotou,22,1,6.3
Omari Glasgow,55,2,6.3
Erik Duenas,18,1,6.3
Nickseon Gomis,15,3,6.3
Chris Donovan,25,1,6.3
Randall Leal,8,2,6.3
Daniel Aguirre,37,2,6.3
Lawrence Ennali,37,1,6.3
Brad Smith,3,4,6.299999999999999
Danny Musovski,17,7,6.299999999999999
Samuel Adeniran,9,8,6.275
Amar Sejdic,6,4,6.275
Raoul Petretta,28,8,6.2749999999999995
Tom Barlow,12,7,6.271428571428572
Johnny Klein,41,3,6.266666666666667
Justin Reynolds,36,6,6.266666666666667
Edwin Mosquera,20,6,6.266666666666666
Kosi Thompson,47,8,6.2625
Xavier Arreaga,3,18,6.261111111111111
Dawid Bugaj,27,5,6.26
Nicholas Gioacchini,9,9,6.2555555555555555
Emiliano Ariel Rigoni,7,2,6.25
Zan Kolmanic,23,2,6.25
Dennis Gjengaar,2,6,6.25
Zack Steffen,95,17,6.241176470588236
Georgios Koutsias,19,10,6.24
Giacomo Vrioni,9,17,6.235294117647058
Wyatt Omsberg,16,3,6.233333333333333
Dante Sealy,11,3,6.233333333333333
Tim Parker,27,7,6.228571428571429
Arnaud Souquet,2,11,6.218181818181819
Eddie Segura,4,17,6.211764705882354
Nikolas Dyhr,44,2,6.2
Jakob Nerwinski,2,3,6.2
Cory Burke,7,6,6.2
Tyger Smalls,25,4,6.2
Kipp Keller,14,1,6.2
Reggie Cannon,4,11,6.2
Julian Hall,16,2,6.2
Caden Glover,46,1,6.2
Daniel Lovitz,2,14,6.2
Gabriel Segal,17,1,6.2
Derrick Jones,5,5,6.2
Isaac Boehmer,32,2,6.2
Jamie Paterson,7,2,6.2
Yutaro Tsukada,34,2,6.2
Mason Toye,13,3,6.2
Brandon Cambridge,36,2,6.2
Alec Kann,1,1,6.2
Michael Halliday,26,1,6.2
Marino Hinestroza,11,1,6.2
Bruno Wilson,4,9,6.199999999999999
Tate Schmitt,22,2,6.199999999999999
Julian Fernandez,11,9,6.166666666666668
Joe Willis,1,14,6.1642857142857155
McKinze Gaines,14,8,6.1625
Jovan Mijatovic,7,7,6.1571428571428575
Aljaz Ivacic,31,18,6.155555555555556
Jack Maher,5,12,6.150000000000001
Nathan Fogaca,99,2,6.15
Damir Kreilach,19,4,6.15
Thomas McNamara,26,2,6.15
Dominique Badji,23,11,6.145454545454545
Oleksandr Svatok,21,5,6.14
Garrison Tubbs,16,5,6.139999999999999
William Yarbrough,25,9,6.133333333333334
Dominik Yankov,8,4,6.125
Miguel Berry,27,9,6.111111111111111
Alfredo Morales,6,3,6.1000000000000005
Alejandro Bran,25,3,6.1000000000000005
Henry Wingo,30,4,6.1
Jonathan Lewis,7,11,6.081818181818182
David Romney,2,13,6.076923076923078
Monsef Bakrar,9,11,6.072727272727274
Daniel Munie,24,4,6.05
Preston Judd,19,4,6.05
Mauricio Pineda,22,6,6.05
Novak Micovic,35,2,6.05
Ethan Finlay,13,9,6.044444444444444
Eugene Ansah,31,10,6.04
John Pulskamp,1,8,6.012499999999999
Junior Moreno,24,1,6.0
Brandon Bye,15,9,6.0
Felipe Hernandez,21,1,6.0
Rida Zouhir,18,1,6.0
Zarek Valentin,3,1,6.0
Ryan Meara,18,1,6.0
Jean Mota,7,1,6.0
Levonte Johnson,28,4,5.975
Kayden Pierre,24,3,5.966666666666666
Luis Martins,14,5,5.960000000000001
Scott Arfield,37,2,5.95
Serge Ngoma,22,3,5.933333333333334
Kimani Stewart,27,6,5.933333333333333
Sunusi Ibrahim,14,8,5.925
Ruben Ramos,84,2,5.9
Charles Sharp,38,1,5.9
Ousseni Bouda,17,5,5.88
Will Sands,23,4,5.875
Shaq Moore,18,12,5.875
Nathan Ordaz,27,4,5.8500000000000005
CJ Fodrey,19,3,5.8
Tommy Thompson,22,1,5.8
Mason Toye,23,2,5.8
Bill Poni Tuiloma,6,1,5.8
Josh Cohen,22,3,5.766666666666666
Jackson Travis,99,4,5.7
Thomas Hasal,12,2,5.7
Jeorgio Kocevski,33,2,5.7
Matai Akinmboni,45,2,5.6
Joaquin Fernández,24,2,5.5
Tyler Miller,1,1,5.3
Abraham Romero,22,1,5.3
Carlos Gomez,11,1,5.3
